,PRODUCT_ID,SELLER_ID,STD_PRICE,MEAN_PRICE,VAR_PRICE,MIN_PRICE,MAX_PRICE,COUNT_ORDER,COUNT_VAR_PRICE
0,1e9e8ef04dbcff4541ed26657ea517e5,5670f4db5b62c43d542e1b2d56b0cf7c,,10.91,,10.91,10.91,1,1
1,3aa071139cb16b67ca9e5dea641aaa2f,b561927807645834b59ef0d16ba55a24,,248.0,,248.0,248.0,1,1
2,96bd76ec8810374ed1b65e291975717f,7b07b3c7487f0ea825fc6df75abd658b,,79.8,,79.8,79.8,1,1
3,cef67bcfe19066a932b7673e239eb23d,c510bc1718f0f2961eaa42a23330681a,,112.3,,112.3,112.3,1,1
4,9dc1a7de274444849c219cff195d0b71,0be8ff43f22e456b4e0371b2245e4d01,,37.9,,37.9,37.9,1,1
5,41d3672d4792049fa1779bb35283ed13,ce248b21cb2adc36282ede306b7660e5,,45.87,,45.87,45.87,1,1
6,732bd381ad09e530fe0a5f457d81becb,8b8cfc8305aa441e4239358c9f6f2485,7.07,963.0,50.0,958.0,968.0,2,2
7,2548af3e6e77a690cf3eb6368e9ab61e,95f83f51203c626648c875dd41874c7f,0.0,9.99,0.0,9.99,9.99,9,1
8,37cc742be07708b53a98702e77a21a02,d91fb3b7d041e83b64a00a3edfb37e4f,,10.4,,10.4,10.4,1,1
9,8c92109888e8cdf9d66dc7e463025574,0432ead42b6c8a0bdf68154add917fdf,,82.9,,82.9,82.9,1,1
10,14aa47b7fe5c25522b47b4b29c98dcb9,1835b56ce799e6a4dc4eddc053f04066,0.0,71.99,0.0,71.99,71.99,4,1
11,03b63c5fc16691530586ae020c345514,bfd27a966d91cfaafdb25d076585f0da,0.0,239.0,0.0,239.0,239.0,2,1
12,cf55509ea8edaaac1d28fdb16e48fc22,06e5eefc71ec47ae763c5c6f8db7064f,,207.25,,207.25,207.25,1,1
13,7bb6f29c2be57716194f96496660c7c2,5a8e7d5003a1f221f9e1d6e411de7c23,,59.9,,59.9,59.9,1,1
14,eb31436580a610f202c859463d8c7415,06e5eefc71ec47ae763c5c6f8db7064f,,226.18,,226.18,226.18,1,1
15,3bb7f144022e6732727d8d838a7b13b3,a17f621c590ea0fab3d5d883e1630ec6,,26.7,,26.7,26.7,1,1
16,6a2fb4dd53d2cdb88e0432f1284a004c,7040e82f899a04d1b434b795a43b4617,0.0,16.9,0.0,16.9,16.9,2,1
17,a1b71017a84f92fd8da4aeefba108a24,87142160b41353c4e5fca2360caf6f92,,69.9,,69.9,69.9,1,1
18,a0736b92e52f6cead290e30b578413b6,391fc6631aebcf3004804e51b40bcf1e,0.0,49.7,0.0,49.7,49.7,2,1
19,f53103a77d9cf245e579ea37e5ec51f0,1835b56ce799e6a4dc4eddc053f04066,0.0,41.99,0.0,41.99,41.99,2,1
20,1c1890ba1779090cd54008a3c3302921,6edacfd9f9074789dad6d62ba7950b9c,0.0,111.9,0.0,111.9,111.9,3,1
21,518ef5de2c2b3a255e326a4594ba15d9,28ea411b354f14b1a494be4e79f0ce02,,145.0,,145.0,145.0,1,1
22,e3e020af31d4d89d2602272b315c3f6e,94144541854e298c2d976cb893b81343,,29.9,,29.9,29.9,1,1
23,8b41fbc2b984a12030090112324d1bc4,4b9750c8ad28220fe6702d4ecb7c898f,,48.9,,48.9,48.9,1,1
24,d03bd02af9fff4b98f1c972315e5e9ef,0241d4d5d36f10f80c644447315af0bd,3.33,78.79,11.11,69.9,79.9,9,2
25,8ba4f2a4ae695d26e5626c1bf710975e,7040e82f899a04d1b434b795a43b4617,,69.9,,69.9,69.9,1,1
26,f6574524b07d5bb753bab6f35abe2d06,5f5b43b2bffa8656e4bc6efeb13cc649,,349.9,,349.9,349.9,1,1
27,c78b767da00efb70c1bcccab87c28cd5,85d9eb9ddc5d00ca9336a2219c97bb13,5.37,36.5,28.8,26.9,38.9,5,2
28,a0253d43394dd4da9a5d7b1f546f1a32,48162d548f5b1b11b9d29d1e01f75a61,,208.0,,208.0,208.0,1,1
29,051b9ff13dd55c0a6655a15ff296f80d,a45314082d50d578a4721c9787ce09ab,,285.0,,285.0,285.0,1,1
30,47859fca9dd7485cbd93c3e8993bb74f,1835b56ce799e6a4dc4eddc053f04066,,41.99,,41.99,41.99,1,1
31,e1d1d22e9f8122a4ec1533b032c12562,f918546be4bec7104d117789ba758b2b,,199.0,,199.0,199.0,1,1
32,20e37962088a4061d3578def47a8648b,cca3071e3e9bb7d12640c9fbe2301306,,64.9,,64.9,64.9,1,1
33,1eba879220bd0981a0e2fbab499ed4e1,5058e8c1e82653974541e83690655b4a,5.18,83.74,26.79,79.99,89.99,8,2
34,ce5b91848b91118daffb3af53b747475,2ff97219cb8622eaf3cd89b7d9c09824,,19.9,,19.9,19.9,1,1
35,5370b82a213393979691c98074265584,834f8533b2ecb6598dd004ff3de7203a,0.0,103.37,0.0,103.37,103.37,3,1
36,b8dac5113b06a97e64943234522572b9,5ee7fd217d08dfe5d3e2f51f96a12c9a,,115.0,,115.0,115.0,1,1
37,750cf819d127191920eda79a4b6fb479,14a08204d03bb6b6bde8029f801ae0eb,0.0,24.0,0.0,24.0,24.0,2,1
38,e6af694343b45b56304ad91974a110b9,ab3e0c171fe84a7ba7de130f19cfb485,0.0,79.99,0.0,79.99,79.99,3,1
39,680874c570dad71c0a2844cfbf417054,5343d0649eca2a983820bfe93fc4d17e,0.0,39.0,0.0,39.0,39.0,8,1
40,8b3a9476f74f5297f7ff0ec6d95fe1ea,391fc6631aebcf3004804e51b40bcf1e,,139.9,,139.9,139.9,1,1
41,1c6fb703c624b381a20f21f757694866,c68fb906c8f4b4b946d8386bfa6e5467,1.05,97.14,1.1,96.4,97.88,2,2
42,db46052aed7dff59ba38cf2fe29b87f9,4a3ca9315b744ce9f8e9374361493884,,107.6,,107.6,107.6,1,1
43,b864b103180d5a6a3f830e67f93e8735,f5b84683a9bf9e1df748cf40f601b39c,,83.9,,83.9,83.9,1,1
44,7a8dac4aaa16bc642e4df33adcf03303,7299e27ed73d2ad986de7f7c77d919fa,127.28,469.99,16200.0,379.99,559.99,2,2
45,83b9bc6aae6f527ff6aafb9e01d6cbf3,46dc3b2cc0980fb8ec44634e21d2718e,,129.99,,129.99,129.99,1,1
46,5f504b3a1c75b73d6151be81eb05bdc9,834f3294fba9f932f56edc879193f925,19.91,598.95,396.51,572.0,642.3,63,6
47,bbf920aa6ac72007a726e6f419156f8f,391fc6631aebcf3004804e51b40bcf1e,0.0,39.9,0.0,39.9,39.9,3,1
48,c3b7e4d83e530c27a8e6368296aece48,77530e9772f57a62c906e1c21538ab82,,148.0,,148.0,148.0,1,1
49,c5d8079278e912d7e3b6beb48ecb56e8,abcd2cb37d46c2c8fb1bf071c859fc5b,4.24,92.9,18.0,89.9,95.9,2,2
50,5eaa343860dc445b3fd43d1b682809fd,821fb029fc6e495ca4f08a35d51e53a5,,1090.0,,1090.0,1090.0,1,1
51,b5cfb1d3c5e435a7a52227e08f220ee7,4b9750c8ad28220fe6702d4ecb7c898f,,49.9,,49.9,49.9,1,1
52,334479e94cba98064050db1c9636e244,87142160b41353c4e5fca2360caf6f92,,59.9,,59.9,59.9,1,1
53,3fcd8dfe610c62edfb51de2630cd9ef4,713e3a23ca5e47786eb6f0d99f94cfac,,229.0,,229.0,229.0,1,1
54,4c8056caed5757810b9a68b83c3759e6,b1a81260566c1bac3114a6d124413f27,,169.9,,169.9,169.9,1,1
55,30e77af9e7759bbaa0305d2fbc605dc4,7142540dd4c91e2237acb7e911c4eba2,,349.9,,349.9,349.9,1,1
56,92bf5d2084dfbcb57d9db7838bac5cd0,ef506c96320abeedfb894c34db06f478,,25.99,,25.99,25.99,1,1
57,fdeb34a9f03fea7c3937dd62d1d0287e,d66c305afaec317ebee552073a674429,,53.9,,53.9,53.9,1,1
58,1065dbb6b0bf03daaedab1236979e296,bfd27a966d91cfaafdb25d076585f0da,,169.0,,169.0,169.0,1,1
59,0d826eba8e0a2ae3bca9e3a947dd756d,5b581417df4480f632484ba681e53944,0.0,149.0,0.0,149.0,149.0,2,1
60,f8f6fd145cc00519283cf3100477b2b3,91f5779a8731baca4809fdeade81803f,,121.87,,121.87,121.87,1,1
61,4e04ffb7dd3739ecfc37de8927dd586c,aba1721a889e04decc910aa13b768ef4,,59.0,,59.0,59.0,1,1
62,36555a2f528d7b2a255c504191445d39,851773c885feb5e2da3b4f82bc2b17ce,,29.9,,29.9,29.9,1,1
63,22937a73f92a33040ab4e2540355a5d8,0ea22c1cfbdc755f86b9b54b39c16043,,79.9,,79.9,79.9,1,1
64,dc21247da0290904ffbbcd5953c76f95,aba1721a889e04decc910aa13b768ef4,,58.0,,58.0,58.0,1,1
65,9020ce7adcc384b2899ae87ddc54767b,aba1721a889e04decc910aa13b768ef4,,136.0,,136.0,136.0,1,1
66,bfc1d1c62b1f7f401d8d9dda962bb870,8f2ce03f928b567e3d56181ae20ae952,,99.9,,99.9,99.9,1,1
67,6fef6d87bb6c2eb11d57a967209219a8,4e85b538b0dad58852641540686d0e14,,7.79,,7.79,7.79,1,1
68,1e5428c428e0f783acd6e3d94ba4ee2a,53243585a1d6dc2643021fd1853d8905,0.0,599.0,0.0,599.0,599.0,8,1
69,94080f9219044d897195e2be145945dc,880ce4951cf857ab1d9e0b75c1d856f4,,178.9,,178.9,178.9,1,1
70,d0389f20b3d11de54e1e4561df147683,37dd29b36c458d82f74a953c40c43645,,452.6,,452.6,452.6,1,1
71,3e9b58f1436820c248d3f98d7229bb14,fa1c13f2614d7b5c4749cbc52fecda94,0.0,99.9,0.0,99.9,99.9,5,1
72,575c38b4c88fc7b35ef22fc8312bfe1b,48436dade18ac8b2bce089ec2a041202,0.0,138.9,0.0,138.9,138.9,2,1
73,556702ebb73d3786a852ad3d5a8ad268,0b35c634521043bf4b47e21547b99ab5,,169.0,,169.0,169.0,1,1
74,a3a03c131926ec14d4c9f3ef03016b24,b55638ad525e906c698fa2ce742c1742,,59.0,,59.0,59.0,1,1
75,e586ebb6022265ae1eea38f46ffe3ead,01fdefa7697d26ad920e9e0346d4bd1b,0.0,64.9,0.0,64.9,64.9,2,1
76,278b3c6462e86b4556b99989513ddf73,d1ef48b38baca7e831711c4a0aeb398f,,29.99,,29.99,29.99,1,1
77,0d009643171aee696f4733340bc2fdd0,fe2032dab1a61af8794248c8196565c9,25.67,325.63,658.97,275.0,339.0,11,3
78,be1be330cf34043d1c40d6114cbd11b5,d921b68bf747894be13a97ae52b0f386,0.0,149.0,0.0,149.0,149.0,2,1
79,07f01b6fcacc1b187a71e5074199db2d,6481e96574816ead57975da2c0f6d80d,,57.0,,57.0,57.0,1,1
80,75b4372e69a42f8ae1d908c076f547b2,40d54b51e962dbe09cabbcfd33298dee,17.24,245.72,297.3,219.9,255.0,4,3
81,3569d4374a919941a50f57371b1dc93d,ef0ace09169ac090589d85746e3e036f,,99.9,,99.9,99.9,1,1
82,a3c95dc653d9a279b160bc0179385ed1,7d456afc660226829370f3173d14520c,0.0,180.0,0.0,180.0,180.0,3,1
83,0992c6cba95a13bfa68ea7d5e22d478b,d50d79cb34e38265a8649c383dcffd48,28.87,372.66,833.33,355.99,405.99,3,2
84,b1eae565a61935e0011ee7682fef9dc9,2089a6d640999f9b9141ac719b2af596,,399.9,,399.9,399.9,1,1
85,2734390ee304b0f4817b3c233094fc16,35ef5aa32949680f627efec3c23e705c,,239.0,,239.0,239.0,1,1
86,32ee3f4e2493045726807808d7abbab6,c53bcd3be457a342a97e39e5a9f0be22,,89.9,,89.9,89.9,1,1
87,c2367eda4f9623d0355dc5d7796d857a,5145090ab595c0d0b8557199f5701fbf,,649.9,,649.9,649.9,1,1
88,7f34b85142d1ef9e077a0da9ada27385,79ebd9a61bac3eaf882805ed4ecfa12a,,119.9,,119.9,119.9,1,1
89,c478b1bbf9ec8c5691f37ccb83187386,bd0389da23d89b726abf911cccc54596,,139.9,,139.9,139.9,1,1
90,f9ecf420c38b90a8af8e7f70fd789264,94e93ce877be27a515118dbfd2c2be41,,89.9,,89.9,89.9,1,1
91,3a6a0247ced9dcb444b46caafdcdd368,f46490624488d3ff7ce78613913a7711,,126.0,,126.0,126.0,1,1
92,adf591c625cb265c12bc6749d3a2f757,a420f60ff1aa9acc80d0e42959f2b313,0.89,31.58,0.78,29.9,32.0,10,2
93,3e0f398b664b26e3224c79dbf435191f,f4aba7c0bca51484c30ab7bdc34bcdd1,,49.9,,49.9,49.9,1,1
94,64c8f1a52b407d92518a1f8b79240a70,7d76b645482be4a332374e8223836592,6.3,24.45,39.69,19.99,28.9,2,2
95,af16005fca813272caf59c432153949e,82e0a475a88cc9595229d8029273f045,0.0,75.9,0.0,75.9,75.9,4,1
96,e6a1ff3552ba3305c1cf0a4dde50347f,7142540dd4c91e2237acb7e911c4eba2,,59.9,,59.9,59.9,1,1
97,d8a405c732027a2af3187b031890933d,e21a1e8be4715b0fcfd5385643bc49c4,,29.9,,29.9,29.9,1,1
98,ce94e3c41145e28428cdae952a1fd7f2,8ae520247981aa06bc94abddf5f46d34,,689.0,,689.0,689.0,1,1
99,3f0f8de616df6efb39a48f3c64eea974,cce6ab8d1682639fe45ab70234f1665f,,40.0,,40.0,40.0,1,1
100,6ddc95e87149457c4c5177b0a474a9ba,79ebd9a61bac3eaf882805ed4ecfa12a,,9.99,,9.99,9.99,1,1
101,a2e2851eae0aebb8ee4df32348b42e2b,4e922959ae960d389249c378d1c939f5,,298.0,,298.0,298.0,1,1
102,723f62c36c298037716bf60c0ad0df3a,6560211a19b47992c3666cc44a7e94c0,0.0,65.0,0.0,65.0,65.0,8,1
103,b2b3503e675abbc07e278151da072ed2,710e3548e02bc1d2831dfc4f1b5b14d4,,199.99,,199.99,199.99,1,1
104,c18c01e09509a509e2b88d3ed40c580e,7a67c85e85bb2ce8582c35f2203ad736,,229.99,,229.99,229.99,1,1
105,a41e356c76fab66334f36de622ecbd3a,d9cb0052a666de5308b32f32ad5f1b1c,,99.3,,99.3,99.3,1,1
106,e7cad5e8ed9b92e788262ad710c33bd0,d566c37fa119d5e66c4e9052e83ee4ea,,63.9,,63.9,63.9,1,1
107,c33d78b97260227119fb2b71be168fca,a3e9a2c700480d9bb01fba070ba80a0e,4.88,86.45,23.81,83.0,89.9,2,2
108,e8fd6f481db77b847e7ab93fa1510e7e,23d7c96d4a1160db1c726b248601b25a,,219.9,,219.9,219.9,1,1
109,67bea89008edcb996cfe4e3d062b62a8,8e6cc767478edae941d9bd9eb778d77a,0.0,46.99,0.0,46.99,46.99,3,1
110,e8e86cbab028363545a5bf0ca5e226ee,1554a68530182680ad5c8b042c3ab563,,139.9,,139.9,139.9,1,1
111,c12b64bf0861a27e0f06c36ef82f457d,3969863bb8af7f72580b3b1ffd3a17b3,0.0,49.9,0.0,49.9,49.9,6,1
112,6f0169f259bb0ff432bfff7d829b9946,213b25e6f54661939f11710a6fddb871,2.12,119.1,4.5,113.85,119.85,8,2
113,b6f3b8136ba8302906df7e11ff908751,a5cba26a62b8b4d0145b68b841e62e7f,0.0,399.0,0.0,399.0,399.0,4,1
114,2be2be0a6a5916840503fdf50808ebcb,dfc475d54e1b6dbeeb7d7d9bdaa63827,0.0,24.2,0.0,24.2,24.2,6,1
115,8efa775719397f78f79c8e5c7b0afbd4,bd4889b5e9133b35b66e42a8665cea5c,0.0,77.0,0.0,77.0,77.0,5,1
116,9e87e3ee09baee5f5c0513ff37bc60ab,8160255418d5aaa7dbdc9f4c64ebda44,2.19,96.68,4.8,95.0,99.9,4,3
117,a0abcee0132a5aed003d98e459b37698,004c9cd9d87a3c30c522c48c4fc07416,0.0,117.99,0.0,117.99,117.99,7,1
118,7f6308ba4057a6a740af7b4dcfb79c13,ef506c96320abeedfb894c34db06f478,,39.99,,39.99,39.99,1,1
119,1eb4a9aee05c9cad041e09add2a26d68,dbc22125167c298ef99da25668e1011f,,47.9,,47.9,47.9,1,1
120,8da90b37f0fb171b4877c124f965b1f6,65b081a070633e057c462abdd6fb9dd8,,137.9,,137.9,137.9,1,1
121,712a72a78ffb66cb6eee87eebbf54519,a420f60ff1aa9acc80d0e42959f2b313,0.0,136.0,0.0,136.0,136.0,2,1
122,c5fb7fbe39f4e09e048ffbc5b28db49a,612170e34b97004b3ba37eae81836b4c,3.54,47.4,12.5,44.9,49.9,2,2
123,f17b05cc8a7651896df8c30884200e9a,ac6417315ae5da8f9a38ee11de6f7780,,110.3,,110.3,110.3,1,1
124,55ec10b39713ee81ee2c5bcb558cf866,e5a3438891c0bfdb9394643f95273d8e,,13.3,,13.3,13.3,1,1
125,c190c4fe582c5b7ffff586506de83f01,066a6914e1ebf3ea95a216c73a986b91,,47.9,,47.9,47.9,1,1
126,f908df99196805b5bc4ada9ef510b11b,8f2ce03f928b567e3d56181ae20ae952,0.0,209.9,0.0,209.9,209.9,3,1
127,ac5bae85a895724330c4acddd581b02b,7178f9f4dd81dcef02f62acdf8151e01,0.0,199.0,0.0,199.0,199.0,3,1
128,d8dee61c2034d6d075997acef1870e9b,c826c40d7b19f62a09e2d7c5e7295ee2,,99.77,,99.77,99.77,1,1
129,cbaff83e2c00a2b731d27276bbf52082,955fee9216a65b617aa5c0531780ce60,,250.0,,250.0,250.0,1,1
130,ad67f74682943e3857eebf3ca2538d1a,391fc6631aebcf3004804e51b40bcf1e,,99.88,,99.88,99.88,1,1
131,1e12f1836c1f08b25ef78fcdf76fbf08,1127b7f2594683f2510f1c2c834a486b,,74.14,,74.14,74.14,1,1
132,acd427ee119d5c71c7a85ae488cb0a6a,6560211a19b47992c3666cc44a7e94c0,,38.0,,38.0,38.0,1,1
133,60cf4effb6947283fa638d570bd07318,8b87cd0d43d49b9bdf40f56229364d59,,269.0,,269.0,269.0,1,1
134,51fed4afb1b41d00ad9d25a73b7fbbc7,f262cbc1c910c83959f849465454ddd3,,29.99,,29.99,29.99,1,1
135,bb09cce52b336261572a5a7e25a33795,98dac6635aee4995d501a3972e047414,,13.1,,13.1,13.1,1,1
136,65a6462e42e05ab3b8dc613566736825,31e60bf8d103ce47932a85f5562deb16,,181.0,,181.0,181.0,1,1
137,f2396540fbfac27b5117f0dbd6744b50,7ad32824caee82087b3e2e5f33b1bf32,,109.0,,109.0,109.0,1,1
138,70d1bd3a042448105a71d0b41ecbc96b,4c61e37f664c3c88aff092aa5ac779d7,,168.99,,168.99,168.99,1,1
139,0075c14603d80515e20908c156ceb47b,cda598c48d7c614bc1cad7d8ff6f0010,0.0,49.9,0.0,49.9,49.9,2,1
140,5a42f73d92034010a4e00360fb0df099,4049512728d969bec69f84088b012416,2.9,39.53,8.41,37.48,41.58,2,2
141,bcd58b852a3b0152b6b384c4e4474ba2,8b321bb669392f5163d04c59e235e066,3.13,126.4,9.8,125.0,132.0,5,2
142,2bfb0bdbcea77da2879f0ef3be9a219e,2eb70248d66e0e3ef83659f71b244378,19.05,700.4,363.0,674.9,718.9,4,4
143,87fb220044e9aca16fbec51c6c997aa0,8ae520247981aa06bc94abddf5f46d34,,99.0,,99.0,99.0,1,1
144,484bf1dff778a416389aafd0dee1cb11,9803a40e82e45418ab7fb84091af5231,,60.0,,60.0,60.0,1,1
145,56139431d72cd51f19eb9f7dae4d1617,b0f2a6122a90a93eb03e68653dd960e3,,45.9,,45.9,45.9,1,1
146,3cef8174403f4fdedbf24fa67fa9f132,46dc3b2cc0980fb8ec44634e21d2718e,,799.99,,799.99,799.99,1,1
147,003938452c98ff9ab28e9e7b4bfe97ab,1554a68530182680ad5c8b042c3ab563,,179.9,,179.9,179.9,1,1
148,8d6cb00151d423c52855385c89f0bae8,fe26f3ecb51a15e6d8335cd92da42562,,479.99,,479.99,479.99,1,1
149,5877301b00f95e3c6118738b293dfab3,d91fb3b7d041e83b64a00a3edfb37e4f,0.0,39.99,0.0,39.99,39.99,2,1
150,e0bbe6292471ff5ab3752414baf78111,fa1c13f2614d7b5c4749cbc52fecda94,,319.9,,319.9,319.9,1,1
151,dd768d259ee6054e0dadd66c8e2be0b6,1900267e848ceeba8fa32d80c1a5f5a8,0.0,29.99,0.0,29.99,29.99,12,1
152,fc2edee55f4118969f4dc49f7a717605,080199a181c46c657dc5aa235411be3b,0.0,179.49,0.0,179.49,179.49,3,1
153,b521fddf2c8a7e7d1791bfb3c1b2f278,b906dd0e57f282c7089171b6ed07982e,,110.0,,110.0,110.0,1,1
154,46b48281eb6d663ced748f324108c733,dd7ddc04e1b6c2c614352b383efe2d36,0.0,84.9,0.0,84.9,84.9,5,1
155,db7e6804f1a8206a7e51c9a741a09d9e,5b581417df4480f632484ba681e53944,17.32,179.0,300.0,159.0,189.0,3,2
156,50556c630443502c11acde1c320fe278,620c87c171fb2a6dd6e8bb4dec959fc6,0.0,129.9,0.0,129.9,129.9,3,1
157,88d2c501ec765f5d7e8038fa6aab0e62,1336efc61c316ddf92c899eb817f7cae,,24.99,,24.99,24.99,1,1
158,722fb67c17907e21734449c091420bf5,1e8c6a4c538f286aee9573239740a4b4,,110.0,,110.0,110.0,1,1
159,43b6d9e46e1e6b8ac743a1c31e462937,eeb6de78f79159600292e314a77cbd18,,879.0,,879.0,879.0,1,1
160,1ffe365aa7583189e63f2fa4f060b269,80e6699fe29150b372a0c8a1ebf7dcc8,,547.99,,547.99,547.99,1,1
161,3014e35fd70fce29095ced5cdc89f4ce,92eb0f42c21942b6552362b9b114707d,0.65,24.52,0.42,23.77,24.89,3,2
162,e869d449cc32881790ef9af9b4c670f8,17a053fcb14bd219540cbde0df490be0,,399.9,,399.9,399.9,1,1
163,a1b3a75aaaee5c9a683f2266c088f720,fa1c13f2614d7b5c4749cbc52fecda94,,399.9,,399.9,399.9,1,1
164,7fdbc1ecf5fdf5c98d9b14e110133eb3,a17f621c590ea0fab3d5d883e1630ec6,,17.33,,17.33,17.33,1,1
165,15b3d40f375c0645c1eed4ed1cd8e17a,643214e62b870443ccbe55ab29a4dccf,,23.99,,23.99,23.99,1,1
166,1cf39a397efa955b102a52ee7ec5531c,c35affa65afd250151285c5917fc1c8a,,499.99,,499.99,499.99,1,1
167,f9471562478eba8761bc985b968a0092,3785b653b1b82de85ab47dd139938091,10.64,58.66,113.25,54.9,85.0,8,2
168,e96bac5656eaec25f3d76757fa16d9d3,213b25e6f54661939f11710a6fddb871,,119.85,,119.85,119.85,1,1
169,16b06ede456b922e56fbb4b3818aa875,0ea22c1cfbdc755f86b9b54b39c16043,,34.9,,34.9,34.9,1,1
170,c7147724cd430269c6296fc758c0a086,5cbbd5a299cab112b7bf23862255e43e,,42.0,,42.0,42.0,1,1
171,dbb399a8be7395d5b136d49fcdce13df,3bb548e3cb7f70f28e3f11ee9dce0e59,,119.9,,119.9,119.9,1,1
172,ed46d1fbd7bf78ce79910c09fb892abb,0be8ff43f22e456b4e0371b2245e4d01,,109.0,,109.0,109.0,1,1
173,d458378a178cd7cae60052319cebf235,aba1721a889e04decc910aa13b768ef4,,131.0,,131.0,131.0,1,1
174,596363933adf57df745ecbc8afeec226,0691148aee60ca47977c187804f935ae,,73.88,,73.88,73.88,1,1
175,4473f3e5c65952b074ef987fa5c24662,ea8482cd71df3c1969d7b9473ff13abc,0.87,29.52,0.76,27.99,29.99,17,2
176,8c9faf6aabee9b2a30b83f92d786f6de,fc5a0d7a310a7a41abf86a458585ff2b,,117.9,,117.9,117.9,1,1
177,8e71b24c3e25a92fef6176120a67fac7,8e6d7754bc7e0f22c96d255ebda59eba,0.0,159.99,0.0,159.99,159.99,3,1
178,828fe032935d7c1901682e5b6cc076c2,8931a84a914b3fe9b1ddaa4d704947ca,,99.8,,99.8,99.8,1,1
179,19502a282608c5627fb32e22724727fc,b2ba3715d723d245138f291a6fe42594,,99.9,,99.9,99.9,1,1
180,df473738565b52f77b4e22b328b41576,01266d4c46afa519678d16a8b683d325,,23.4,,23.4,23.4,1,1
181,657491063e8a63247a108a4d9cedf020,7040e82f899a04d1b434b795a43b4617,4.47,97.9,20.0,89.9,99.9,5,2
182,a388f2043ca885de714453e4fac616e2,596849622429351f47b32e6cae1055ff,0.0,24.9,0.0,24.9,24.9,2,1
183,4c6018f41a6c2e5543cc034e94f5ce5b,be9a160a9011f627c3e121d076c1ec7b,,739.0,,739.0,739.0,1,1
184,a85543a371d5cfafedb80a8177a692b5,138dbe45fc62f1e244378131a6801526,,16.9,,16.9,16.9,1,1
185,6b017e0d95d8765a6f2bed3bc272c61e,a6fe7de3d16f6149ffe280349a8535a0,0.0,59.9,0.0,59.9,59.9,3,1
186,6d14f72afff32795290f2df6507f063c,f262cbc1c910c83959f849465454ddd3,,104.97,,104.97,104.97,1,1
187,75b433ca888fe027b18dfac89a284667,8b321bb669392f5163d04c59e235e066,0.0,12.9,0.0,12.9,12.9,6,1
188,9aa70106d14b83c7ad033592870b2b30,0be8ff43f22e456b4e0371b2245e4d01,,47.9,,47.9,47.9,1,1
189,42fe4aefc7e8a45dd96a59af81dd3fef,710e3548e02bc1d2831dfc4f1b5b14d4,,109.9,,109.9,109.9,1,1
190,a04cf12934a318be6550b1aeab938bf2,048c2757535328e0d7dac690ad3c0aae,,365.0,,365.0,365.0,1,1
191,224703229a7c966a5b191651e1561be2,d7485b33791774c36108f8c69602d48d,,47.92,,47.92,47.92,1,1
192,43724b27731595d954e911f443fb1cc4,9803a40e82e45418ab7fb84091af5231,0.0,159.75,0.0,159.75,159.75,2,1
193,b29ca3d3127057c43ef4b364bbe360ea,5c243662ce92d84573bfaff24c3e3700,0.0,249.99,0.0,249.99,249.99,2,1
194,5e21d5cab5d33e770d8150a4ee6117db,6560211a19b47992c3666cc44a7e94c0,0.0,49.0,0.0,49.0,49.0,12,1
195,55610b8b7d48294e69fc23f513dfbe98,4e7c18b98d84e05cbae3ff0ff03846c2,0.0,15.0,0.0,15.0,15.0,3,1
196,68bfdbfe84f03af17733b10362f10020,827f8f69dfa529c561901c4f2e0f332f,,45.0,,45.0,45.0,1,1
197,5fb61f482620cb672f5e586bb132eae9,94e93ce877be27a515118dbfd2c2be41,,69.9,,69.9,69.9,1,1
198,a5bc1334f1762ce0a844f3f694dc08e1,1900267e848ceeba8fa32d80c1a5f5a8,,69.99,,69.99,69.99,1,1
199,701ff123e9085dcc9c2f833efded6374,ff1fb4c404b2efe68b03350a8dc24122,8.66,390.0,75.0,380.0,395.0,3,2
200,73b499a2f5002c0a2158a478cc5a096c,9baf5cb77970f539089d09a38bcec5c3,0.0,139.99,0.0,139.99,139.99,2,1
201,42f14eda412436b96cde4f4025ed5f25,a17f621c590ea0fab3d5d883e1630ec6,0.0,93.33,0.0,93.33,93.33,3,1
202,47969dd948e918289f809be899ddfb4c,014d9a685fd57276679edd00e07089e5,0.31,44.12,0.1,43.99,44.75,6,2
203,446295cf6f689d4db477145815362608,6cd68b3ed6d59aaa9fece558ad360c0a,,75.5,,75.5,75.5,1,1
204,280c05c66173c2b377f3e449e33abc6d,ba5daa4041e1f15cdf34b76e3e18a450,,79.9,,79.9,79.9,1,1
205,4a96de21ccfb22ebe1c56992acbbd7fc,7a241947449cc45dbfda4f9d0798d9d0,13.49,108.0,182.02,99.0,129.0,8,4
206,c45a1de8cdb00af9ba1f3c097561b77a,2528513dd95219a6013d4d05176e391a,0.0,59.0,0.0,59.0,59.0,2,1
207,1b37262ebd1307a6c9aab9aca8584e76,6061155addc1e54b4cfb51c1c2a32ad8,115.97,817.0,13448.0,735.0,899.0,2,2
208,04869307f7e7dc5b07f1d83406ade1e5,5f2684dab12e59f83bef73ae57724e45,,139.9,,139.9,139.9,1,1
209,8bb6ace4cf2411747ea1cfecad5a458d,1d8dbc4f32378d715c717c1c1fc57bae,,110.0,,110.0,110.0,1,1
210,21db47f6493b06e8e7fc562ec9890e77,bba74270a87732727b5a3b4fd9ac1c39,,79.99,,79.99,79.99,1,1
211,f4d705aa95ccca448e5b0deb6e5290ba,da8622b14eb17ae2831f4ac5b9dab84a,0.0,24.9,0.0,24.9,24.9,25,1
212,bbaef2eadf31fe3ea6702077398be06c,cc419e0650a3c5ba77189a1882b7556a,0.0,56.99,0.0,56.99,56.99,65,1
213,3fc3d637781e5d185455013606a6e2cd,bf00385a5f7fc1ef39a13c2e9ee50a5f,2.68,31.7,7.2,26.9,32.9,5,2
214,21d325f98c6505a72b1bcf363f3d3f88,3ca08eeb8d5595949fed424bd3677742,,44.99,,44.99,44.99,1,1
215,f6691c7e7a0c12d28003c97608dfe605,a3a38f4affed601eb87a97788c949667,,195.0,,195.0,195.0,1,1
216,c615805546392ec3b8a20c6590c4d400,1336efc61c316ddf92c899eb817f7cae,,149.0,,149.0,149.0,1,1
217,6e9c52b407fea24064f7ab2b144fbf8c,855668e0971d4dfd7bef1b6a4133b41b,10.61,277.5,112.5,270.0,285.0,2,2
218,e07f6e9343cad06f34d0a7a09eeac4d7,5debea795b07621e1f90532e18f96145,,28.58,,28.58,28.58,1,1
219,80fc21f90a43fdcfc623f11f5457db10,c66dccfb3f109511246da627dd5a2498,1.41,118.0,2.0,117.0,119.0,2,2
220,9cafef108028ea326352e901a8b729a7,270572bb714b00531be85e16e1550f26,16.04,72.92,257.44,64.9,96.99,4,2
221,dd783a33bc94bef9c728611320d559e7,11bfa66332777660bd0640ee84d47006,,45.0,,45.0,45.0,1,1
222,ec019a7e1feb42072e2a07b6317c7edb,cac4c8e7b1ca6252d8f20b2fc1a2e4af,7.07,34.99,50.0,29.99,39.99,2,2
223,20424e1f503b9ceeeee60b717b11ec36,7299e27ed73d2ad986de7f7c77d919fa,,145.0,,145.0,145.0,1,1
224,795ed173180b101b114960e572d2181f,dbc22125167c298ef99da25668e1011f,,48.9,,48.9,48.9,1,1
225,40a75445dcf4958b8c9b3dac6898094b,c3cfdc648177fdbbbb35635a37472c53,,65.9,,65.9,65.9,1,1
226,fff0a542c3c62682f23305214eaeaa24,08d2d642cf72b622b14dde1d2f5eb2f5,0.07,7.47,0.01,7.3,7.5,8,2
227,21419fbb5e6e21591c1dc83cb75aec07,37dd29b36c458d82f74a953c40c43645,22.58,757.79,509.76,741.82,773.75,2,2
228,d801448d8cf48fd15a66dc8779d47241,fa1c13f2614d7b5c4749cbc52fecda94,,158.9,,158.9,158.9,1,1
229,d1fbb5683c8e93f314d0f2bf40d07761,dc4a0fc896dc34b0d5bfec8438291c80,0.0,95.03,0.0,95.03,95.03,5,1
230,4e7f36f28c51e114a343625b628dd429,7aa4334be125fcdd2ba64b3180029f14,,19.5,,19.5,19.5,1,1
231,58bef3ad35aed45b92cf03510e6cf5ce,c3867b4666c7d76867627c2f7fb22e21,5.48,121.0,30.0,115.0,125.0,5,2
232,532d7f19b8005e415f5b98a1cf4a8690,6d988d6174a2c27441597174f8905515,0.0,18.95,0.0,18.95,18.95,3,1
233,aedb7e30007f6051c5b3f97156b0848a,b561927807645834b59ef0d16ba55a24,,12.0,,12.0,12.0,1,1
234,c752f2bc46ad4b389290cf5828a1db62,a416b6a846a11724393025641d4edd5e,7.08,34.89,50.1,29.89,39.9,2,2
235,7207700449f2433076d70a5b1c004eb4,ea65d8b58316a6f2362f2a9e4b3e86ad,0.0,81.9,0.0,81.9,81.9,3,1
236,582dfc3697c5f834a5ddf28460ba9222,1da3aeb70d7989d1e6d9b0e887f97c23,0.0,19.99,0.0,19.99,19.99,4,1
237,54910b8287ecea5f93a008ebfa94a15c,7ad32824caee82087b3e2e5f33b1bf32,,286.0,,286.0,286.0,1,1
238,ecaae002060173ec59f5b168cbd55d70,6338ea67c41078a46ad99cc009654956,,32.9,,32.9,32.9,1,1
239,9e48435521202c8795e21ac42efcc761,f262cbc1c910c83959f849465454ddd3,,29.99,,29.99,29.99,1,1
240,f46c384460008df0071849d01b39834f,fcb5ace8bcc92f75707dc0f01a27d269,0.0,58.9,0.0,58.9,58.9,2,1
241,4fe53f6c123977ffa0dda91a2962c9e8,7722b1df1b0e383e000397b2c11e3e19,,19.9,,19.9,19.9,1,1
242,7aeb83cae61b0e94e6426cba2598ad9e,2a84855fd20af891be03bc5924d2b453,,49.9,,49.9,49.9,1,1
243,3fc23ad64a8ee1f1451c8c44932c5d22,01266d4c46afa519678d16a8b683d325,,9.88,,9.88,9.88,1,1
244,e10758160da97891c2fdcbc35f0f031d,323ce52b5b81df2cd804b017b7f09aa7,0.0,56.0,0.0,56.0,56.0,2,1
245,dccef777bc505f2eca720502c209988d,d91fb3b7d041e83b64a00a3edfb37e4f,0.0,84.0,0.0,84.0,84.0,2,1
246,b6be875acca0b4862cae6479c5d9e6fa,1127b7f2594683f2510f1c2c834a486b,,19.1,,19.1,19.1,1,1
247,84e1b9c6ba2ed178bd217097b41f1251,1b938a7ec6ac5061a66a3766e0e75f90,0.0,74.9,0.0,74.9,74.9,3,1
248,93c285dad77a797cf2193ead6afbe107,dc4a0fc896dc34b0d5bfec8438291c80,,65.9,,65.9,65.9,1,1
249,1ba7948f3aa31cdaf78a4885f3c5385a,7f40d06aa0b5f1aa4f41af8c0480e2ef,,139.99,,139.99,139.99,1,1
250,6a61a5d77a8571a0646e8c0f75f572f4,01bcc9d254a0143f0ce9791b960b2a47,,165.9,,165.9,165.9,1,1
251,0e40b1ed4cfd3da1962ec91913e54ba8,8b321bb669392f5163d04c59e235e066,0.0,13.65,0.0,13.65,13.65,15,1
252,2de8789bf8abcd2f6c7866f9429b1986,35fb511489d9ee3ee27a76debce9df06,,64.0,,64.0,64.0,1,1
253,d394d30215872be4cda2c67c1ce5b981,2e13c71026e1a39ba5cc1b86dcb679aa,0.0,34.0,0.0,34.0,34.0,3,1
254,9181a16945ef449aa81212d5139945ec,d2df77822373f19934e87694d8640767,,99.0,,99.0,99.0,1,1
255,b166907a5770631b7deedd0891b1b7ab,febab0275244b9a49a623f0bd613ca2f,0.0,74.85,0.0,74.85,74.85,2,1
256,302a19dacdbb5ed2f74f9dee8126ef79,013900e863eace745d3ec7614cab5b1a,0.0,54.0,0.0,54.0,54.0,2,1
257,1fb2c1a0d7f863e0644077cb5d8f80df,17a053fcb14bd219540cbde0df490be0,11.55,213.23,133.33,199.9,219.9,3,2
258,0a17941f41b99d2f070fab54b458a4a4,9d5a9018aee56acb367ba9c3f05d1d6a,0.0,114.9,0.0,114.9,114.9,2,1
259,98190f6a2c3253d07ca86525bb238162,dbd66278cbfe1aa1000f90a217ca4695,3.87,75.19,14.99,72.0,79.9,16,3
260,a18a23a783fb7576a8f0f6fbc2ae2b58,4bf2f4ee540798a61f9636d12cd9cc80,3.49,232.37,12.15,229.9,234.83,2,2
261,e2c3ed9aaddfd2312a6a5fe9b3ddadd3,46dc3b2cc0980fb8ec44634e21d2718e,1.87,99.19,3.5,94.99,99.99,25,2
262,71c808620fa8dafbe6cd6c638cc67567,6d66611d7c44cc30ce351abc49a68421,0.0,43.9,0.0,43.9,43.9,2,1
263,25cdef5b1428725aa16b8b9a6fbd72ca,76d64c4aca3a7baf218bf93ef7fa768d,0.0,64.9,0.0,64.9,64.9,2,1
264,a1bf559ac1eab015ba992bd76d9d76c7,85d9eb9ddc5d00ca9336a2219c97bb13,3.48,24.81,12.09,19.9,27.9,22,3
265,3b82733180834cc02658403163260204,7c67e1448b00f6e969d365cea6b010ab,,229.99,,229.99,229.99,1,1
266,eca3036ef7ba11b3331c334b7053fe13,2138ccb85b11a4ec1e37afbd1c8eda1f,0.22,44.89,0.05,44.5,44.99,5,2
267,6b75ce117b8fcc75289cb6cbe589de6c,5f1dc28029d2c244352a68107ec2b542,,200.5,,200.5,200.5,1,1
268,23ab7bb9eac81e85ec43ed71064cf7ce,1835b56ce799e6a4dc4eddc053f04066,0.0,29.99,0.0,29.99,29.99,8,1
269,5cfe07a11fd4f35d3c5ca21cd60cee6e,7142540dd4c91e2237acb7e911c4eba2,10.61,92.4,112.5,84.9,99.9,2,2
270,78119fbfa709d07b86f5ccf15043c6d6,4869f7a5dfa277a7dca6462dcf3b52b2,6.73,194.34,45.27,181.0,199.98,19,9
271,9138555a5066b7f16bf15e75c7db067c,213b25e6f54661939f11710a6fddb871,,79.9,,79.9,79.9,1,1
272,1ec5373950b7877c5de483a123223810,f0e103c63864d5405b958d984b6e94c9,,175.0,,175.0,175.0,1,1
273,34607082301052079a3bffcd12c5ecfb,c2d70ce2c5d0a2eb75e78668236e6dc8,,450.0,,450.0,450.0,1,1
274,4ceab0364ce2bef8363b89f4719bbff7,da8622b14eb17ae2831f4ac5b9dab84a,0.0,99.9,0.0,99.9,99.9,2,1
275,c9fe02894880831f6f28d5ac212d036f,71592660bbcb6a4664e97b6f8b68babc,,109.0,,109.0,109.0,1,1
276,3c883b9d3fd2d0ce448d4136349dc0a4,b39d7fe263ef469605dbb32608aee0af,3.36,54.55,11.3,49.0,59.99,20,3
277,98d0e0ca6213edc063889593a2475e36,4677a5437afda5fa7140b927b07be1cc,,1689.0,,1689.0,1689.0,1,1
278,f2c1df0fc307ec60e3321c708c1dcac3,4a3ca9315b744ce9f8e9374361493884,,48.0,,48.0,48.0,1,1
279,622d3b263cd40b06e1eeea144fb83f19,87d3c3aeb3ead335511b3ce315eb341e,0.0,14.99,0.0,14.99,14.99,4,1
280,15cd31f93b25e5a517f05b1af31d353f,25e6ffe976bd75618accfe16cefcbd0d,,45.0,,45.0,45.0,1,1
281,cd7701670288642f7be9437dec9034c1,cc419e0650a3c5ba77189a1882b7556a,,99.99,,99.99,99.99,1,1
282,3519403062e217f433e0bbdc52e0b19f,0432ead42b6c8a0bdf68154add917fdf,0.0,39.9,0.0,39.9,39.9,2,1
283,37dffde0476450e75dae423136954b0f,66dc1b1632bd6a3e508510c5b3492107,0.0,149.0,0.0,149.0,149.0,2,1
284,d68bd4dedccc5545b1ff6629de8fb021,3bdff180c7e1f6551a643b99c265a120,0.0,49.9,0.0,49.9,49.9,2,1
285,e4c0d69bafff0157f574aae9a147a8c1,1da3aeb70d7989d1e6d9b0e887f97c23,,9.99,,9.99,9.99,1,1
286,b6b4ab44d1f3c2a645abbda76af2a993,994f04b3718c2bab35c2adfa8afecd2a,,89.9,,89.9,89.9,1,1
287,d19d6968c8fa843da04bf9c9d23c312f,48fb026ed7455a42f5d3e9390ed5088e,,82.9,,82.9,82.9,1,1
288,de984954e2e130136bcf8988bc973d90,1dd33b8119b3cb1056ed5dc88cd0aaf4,0.0,199.0,0.0,199.0,199.0,7,1
289,c6336fa91fbd87c359e44f5dca5a90ed,4c2b230173bb36f9b240f2b8ac11786e,3.37,43.74,11.37,39.0,49.9,94,4
290,d10abea506594de1dd5ea21851f94062,ebd2d60905fb58271facef5596b620d3,,39.9,,39.9,39.9,1,1
291,4bae12e58c9b828e1302a2cad437b80a,18a349e75d307f4b4cc646a691ed4216,,190.0,,190.0,190.0,1,1
292,aba0932cedf32b2a7b6b832f11769613,a416b6a846a11724393025641d4edd5e,,315.0,,315.0,315.0,1,1
293,f777c903946dd86fd00cd5b32ec3e907,4a3ccda38b2129705f3fb522db62ca31,0.0,561.9,0.0,561.9,561.9,2,1
294,39e3b9b12cd0bf8ee681bbc1c130feb5,c826c40d7b19f62a09e2d7c5e7295ee2,56.8,154.44,3226.33,116.77,219.77,3,3
295,2e511b5741ab14e7f5294df6f1310b03,00fc707aaaad2d31347cf883cd2dfe10,8.5,118.57,72.26,110.0,136.0,14,4
296,74f250adf8f41738ca96718232a41499,002100f778ceb8431b7a1020ff7ab48f,,17.9,,17.9,17.9,1,1
297,f16ced867a24a244afefb5b867f337df,a3f0b55de503387383c7b1de3ad7f678,,159.9,,159.9,159.9,1,1
298,1ce0e963805e3c170485768e8b09fe65,7722b1df1b0e383e000397b2c11e3e19,,39.9,,39.9,39.9,1,1
299,794de06c32a626a5692ff50e4985d36f,9646c3513289980f17226a2fc4720dbd,,49.9,,49.9,49.9,1,1
300,a530b23a71594d0d986a30359e207762,6562efe88ce0826a4ca4f189f03b4b84,5.48,54.9,30.0,49.9,59.9,6,2
301,d294bd539d8c70342149beb38b767afc,7d13fca15225358621be4086e1eb0964,0.0,489.0,0.0,489.0,489.0,2,1
302,fe9184887637170f6da65623475d6a66,77714512e8d4dda9c234da8e3faf16e4,,40.9,,40.9,40.9,1,1
303,3da6f3c6c1ac8c36ff45b1a493a44e82,77530e9772f57a62c906e1c21538ab82,,49.0,,49.0,49.0,1,1
304,8a4667ce8c036b0d54dd65a38298bfc0,dbc22125167c298ef99da25668e1011f,5.01,54.08,25.1,48.9,58.9,3,3
305,26d114f0b4f14f5e3b3db0e211019777,3481aa57cd91f9f9d3fa1fa12d9a3bf7,,86.73,,86.73,86.73,1,1
